username,date,probability,risk,risk_factors
harsh,2025-12-19 18:11,0.425,Moderate,0
harsh,2025-12-19 18:17:15.327102,0.425,Moderate,0
harsh,2025-12-19 18:25:44.583677,0.425,Moderate,0
harsh,2025-12-19 18:27:55.982087,0.07,Low,0
harsh,2025-12-19 18:40:32.595693,0.885,High,4
harsh,2025-12-19 18:55:28.979457,0.895,High,4
harsh,2025-12-21 09:54:24.427991,0.34,High,4
harsh,2025-12-21 10:00:48.662828,0.255,High,4
harsh,2025-12-21 10:06:28.691561,0.78,High,4
harsh,2025-12-21 10:08:28.278265,0.845,High,3
harsh,2025-12-21 10:08:56.447455,0.885,High,4
harsh,2025-12-21 10:09:31.433701,0.865,High,4
harsh,2025-12-21 10:09:34.270490,0.865,High,4
harsh,2025-12-21 10:11:34.590679,0.51,Moderate,1
harsh,2025-12-21 10:19:40.624373,0.11,Low,0
harsh,2025-12-21 10:25:52.824946,0.425,Moderate,0
harsh,2025-12-21 10:27:04.366038,0.07,Low,0
harsh,2025-12-21 10:27:22.148701,0.07,Low,0
harsh,2025-12-21 10:30:46.188195,0.215,Low,1
harsh,2025-12-21 10:31:16.839387,0.51,Moderate,1
harsh,2025-12-21 10:34:07.508791,0.12,Low,0
harsh,2025-12-21 10:34:20.550643,0.07,Low,0
harsh,2025-12-21 10:34:27.074946,0.12,Low,0
harsh,2025-12-21 10:42:40.911021,0.25,High,4
harsh,2025-12-21 10:46:31.631785,0.63,Moderate,0
harsh,2025-12-21 10:49:03.569975,0.63,Moderate,0
harsh,2025-12-21 10:51:19.272110,0.295,Low,0
harsh,2025-12-21 10:52:24.029094,0.01,Low,1
harsh,2025-12-21 10:54:48.553916,0.035,Low,1
harsh,2025-12-21 10:56:59.937851,0.38,Low,1
harsh,2025-12-21 11:18:28.554274,0.185,Low,1
harsh,2025-12-21 11:20:10.773507,0.87,High,4
harsh,2025-12-21 11:22:11.104036,0.85,High,0
harsh,2025-12-22 08:54:54.187122,0.175,Low,0
harsh,2025-12-22 11:46:32.532430,0.34,High,4
harsh,2025-12-22 11:56:25.631934,0.295,Low,0
harsh,2025-12-22 11:57:43.958905,0.44,Moderate,1
harsh,2025-12-22 12:00:13.978075,0.85,High,4
harsh,2025-12-22 14:55:41.607101,0.175,Low,0
